timestamp,mood,song,Temperature,Humidity,MQ-2,BH1750FVI,Radar,Ultrasonic
2025-01-11 19:12:23,,,62.6,57,OK,0.0,1,1209.18
2025-01-11 19:13:29,,,62.6,57,OK,0.0,1,1208.99
2025-01-11 19:14:36,,,62.6,57,OK,0.0,1,1209.1
2025-01-11 19:15:42,,,62.6,57,OK,0.0,1,1209.03
2025-01-11 19:16:49,,,62.6,57,OK,0.0,1,1209.07
2025-01-11 19:17:56,,,62.6,57,OK,0.0,1,1209.04
2025-01-11 19:19:03,,,62.6,57,OK,0.0,1,1209.26
2025-01-11 19:20:10,,,62.6,57,OK,0.0,1,1209.12
2025-01-11 19:21:17,,,62.6,57,OK,0.0,1,1209.17
2025-01-11 19:22:23,,,62.6,57,OK,0.0,1,1209.06
2025-01-11 19:23:32,,,62.6,57,OK,0.0,1,1209.28
2025-01-11 19:24:39,,,62.6,57,OK,0.0,1,1209.23
2025-01-11 19:25:45,,,62.6,57,OK,0.0,1,1209.11
2025-01-11 19:26:51,,,62.6,57,OK,0.0,1,1209.34
2025-01-11 19:27:58,,,62.6,57,OK,0.0,1,1209.22
2025-01-11 19:29:04,,,62.6,57,OK,0.0,1,1209.26
2025-01-11 19:30:11,,,62.6,57,OK,0.0,1,1209.26
2025-01-11 19:31:18,,,62.6,57,OK,0.0,1,1209.15
2025-01-11 19:32:25,,,62.6,57,OK,0.0,1,1209.03
2025-01-11 19:33:31,,,62.6,57,OK,0.0,1,1207.81
2025-01-11 19:34:38,,,62.6,56,OK,0.0,1,1207.69
2025-01-11 19:35:44,,,62.6,56,OK,0.0,1,1209.08
2025-01-11 19:36:51,,,62.6,56,OK,0.0,1,1209.11
2025-01-11 19:37:57,,,62.6,56,OK,0.0,1,1209.05
2025-01-11 19:39:04,,,62.6,56,OK,0.0,1,1207.56
2025-01-11 19:40:11,,,62.6,56,OK,0.0,1,1209.07
2025-01-11 19:41:18,,,62.6,56,OK,0.0,1,1209.16
2025-01-11 19:42:24,,,62.6,56,OK,0.0,1,1209.21
2025-01-11 19:43:31,,,62.6,56,OK,0.0,1,1209.18
2025-01-11 19:44:37,,,62.6,56,OK,0.0,1,1209.22
2025-01-11 19:45:46,,,62.6,56,OK,0.0,1,1209.27
2025-01-11 19:46:53,,,62.6,56,OK,0.0,1,1208.89
2025-01-11 19:48:00,,,62.6,56,OK,0.0,1,1209.16
2025-01-11 19:49:07,,,62.6,56,OK,0.0,1,1208.95
2025-01-11 19:50:13,,,62.6,56,OK,0.0,1,1209.09
2025-01-11 19:51:20,,,62.6,56,OK,0.0,1,1209.12
2025-01-11 19:52:26,,,62.6,56,OK,0.0,1,1209.32
2025-01-11 19:53:33,,,62.6,56,OK,0.0,1,1209.38
2025-01-11 19:54:39,,,62.6,56,OK,0.0,1,1209.33
2025-01-11 19:55:46,,,62.6,56,OK,0.0,1,1209.26
2025-01-11 19:56:53,,,62.6,56,OK,0.0,1,1207.82
2025-01-11 19:57:59,,,62.6,56,OK,0.0,1,1209.29
2025-01-11 19:59:07,,,62.6,56,OK,0.0,1,1209.47
2025-01-11 20:00:13,,,62.6,56,OK,0.0,1,1209.38
2025-01-11 20:01:20,,,62.6,56,OK,0.0,1,1209.43
2025-01-11 20:02:26,,,62.6,56,OK,0.0,1,1209.36
2025-01-11 20:03:33,,,62.6,56,OK,0.0,1,1209.33
2025-01-11 20:04:39,,,62.6,56,OK,0.0,1,1209.31
2025-01-11 20:05:46,,,62.6,56,OK,0.0,1,1209.13
2025-01-11 20:06:52,,,62.6,56,OK,0.0,1,1209.36
2025-01-11 20:07:59,,,62.6,56,OK,0.0,1,1209.22
2025-01-11 20:09:06,,,62.6,56,OK,0.0,1,1209.42
2025-01-11 20:10:13,,,62.6,56,OK,0.0,1,1209.36
2025-01-11 20:11:19,,,62.6,56,OK,0.0,1,1209.32
2025-01-11 20:12:25,,,62.6,56,OK,0.0,1,1209.54
2025-01-11 20:13:32,,,62.6,56,OK,0.0,1,1209.38
2025-01-11 20:14:38,,,62.6,56,OK,0.0,1,1209.55
2025-01-11 20:15:45,,,62.6,56,OK,0.0,1,1209.47
2025-01-11 20:16:51,,,62.6,56,OK,0.0,1,1209.44
2025-01-11 20:17:58,,,62.6,56,OK,0.0,1,1209.44
2025-01-11 20:19:04,,,62.6,56,OK,0.0,1,1209.41
2025-01-11 20:20:12,,,62.6,56,OK,0.0,1,1209.31
2025-01-11 20:21:18,,,62.6,56,OK,0.0,1,1209.33
2025-01-11 20:22:25,,,62.6,56,OK,0.0,1,1209.41
2025-01-11 20:23:31,,,62.6,56,OK,0.0,1,1209.48
2025-01-11 20:24:38,,,62.6,56,OK,0.0,1,1209.42
2025-01-11 20:25:44,,,62.6,56,OK,0.0,1,1209.49
2025-01-11 20:26:51,,,62.6,56,OK,0.0,1,1209.43
2025-01-11 20:27:57,,,62.6,56,OK,0.0,1,1209.36
2025-01-11 20:29:04,,,62.6,56,OK,0.0,1,1209.35
2025-01-11 20:30:10,,,62.6,56,OK,0.0,1,1209.54
2025-01-11 20:31:17,,,62.6,56,OK,0.0,1,1209.38
2025-01-11 20:32:24,,,62.6,56,OK,0.0,1,1209.49
2025-01-11 20:33:31,,,62.6,56,OK,0.0,1,1209.53
2025-01-11 20:34:37,,,60.8,56,OK,0.0,1,1209.45
2025-01-11 20:35:44,,,60.8,56,OK,0.0,1,1209.52
2025-01-11 20:36:51,,,60.8,56,OK,0.0,1,1209.51
2025-01-11 20:37:57,,,60.8,56,OK,0.0,1,1209.58
2025-01-11 20:39:04,,,60.8,56,OK,0.0,1,1209.47
2025-01-11 20:40:11,,,60.8,56,OK,0.0,1,1207.8
2025-01-11 20:41:17,,,60.8,56,OK,0.0,1,1209.56
2025-01-11 20:42:24,,,60.8,56,OK,0.0,1,1209.58
2025-01-11 20:43:30,,,60.8,56,OK,0.0,1,1209.47
2025-01-11 20:44:37,,,60.8,56,OK,0.0,1,1209.53
2025-01-11 20:45:44,,,60.8,56,OK,0.0,1,1209.53
2025-01-11 20:46:50,,,60.8,56,OK,0.0,1,1209.37
2025-01-11 20:47:57,,,60.8,56,OK,0.0,1,1209.37
2025-01-11 20:49:03,,,60.8,56,OK,0.0,1,1209.43
2025-01-11 20:50:10,,,60.8,56,OK,0.0,1,1209.45
2025-01-11 20:51:17,,,60.8,56,OK,0.0,1,1209.53
2025-01-11 20:52:23,,,60.8,56,OK,0.0,1,1209.58
2025-01-11 20:53:30,,,60.8,56,OK,0.0,1,1209.46
2025-01-11 20:54:36,,,60.8,56,OK,0.0,1,1209.53
2025-01-11 20:55:43,,,60.8,56,OK,0.0,1,1209.62
2025-01-11 20:56:50,,,60.8,56,OK,0.0,1,1209.6
2025-01-11 20:57:56,,,60.8,56,OK,0.0,1,1209.62
2025-01-11 20:59:02,,,60.8,56,OK,0.0,1,1209.57
2025-01-11 21:00:10,,,60.8,56,OK,0.0,1,1209.6
2025-01-11 21:01:16,,,60.8,56,OK,0.0,1,1209.57
2025-01-11 21:02:23,,,60.8,56,OK,0.0,1,1209.51
2025-01-11 21:03:29,,,60.8,56,OK,0.0,1,1209.56
2025-01-11 21:04:36,,,60.8,56,OK,0.0,1,1209.34
2025-01-11 21:05:42,,,60.8,56,OK,0.0,1,1209.31
2025-01-11 21:06:49,,,60.8,56,OK,0.0,1,1209.44
2025-01-11 21:07:55,,,60.8,56,OK,0.0,1,1209.42
2025-01-11 21:09:01,,,60.8,56,OK,0.0,1,1208.0
2025-01-11 21:10:08,,,60.8,56,OK,0.0,1,1209.69
2025-01-11 21:11:15,,,60.8,56,OK,0.0,1,1209.55
2025-01-11 21:12:21,,,60.8,56,OK,0.0,1,1209.51
2025-01-11 21:13:27,,,60.8,56,OK,0.0,1,1209.65
2025-01-11 21:14:34,,,60.8,56,OK,0.0,1,1209.67
2025-01-11 21:15:41,,,60.8,56,OK,0.0,1,1209.68
2025-01-11 21:16:48,,,60.8,55,OK,0.0,1,1209.95
2025-01-11 21:17:54,,,60.8,55,OK,0.0,1,1209.58
2025-01-11 21:19:00,,,60.8,55,OK,0.0,1,1209.81
2025-01-11 21:20:08,,,60.8,56,OK,0.0,1,1209.65
2025-01-11 21:21:14,,,60.8,56,OK,0.0,1,1209.74
2025-01-11 21:22:21,,,60.8,55,OK,0.0,1,1209.85
2025-01-11 21:23:27,,,60.8,55,OK,0.0,1,1209.8
2025-01-11 21:24:34,,,60.8,55,OK,0.0,1,1208.34
2025-01-11 21:25:40,,,60.8,55,OK,0.0,1,1209.8
2025-01-11 21:26:47,,,60.8,55,OK,0.0,1,1209.94
2025-01-11 21:27:54,,,60.8,55,OK,0.0,1,1209.62
2025-01-11 21:29:00,,,60.8,55,OK,0.0,1,1209.8
2025-01-11 21:30:07,,,60.8,56,OK,0.0,1,1209.67
2025-01-11 21:31:14,,,60.8,55,OK,0.0,1,1209.77
2025-01-11 21:32:20,,,60.8,55,OK,0.0,1,1209.86
2025-01-11 21:33:27,,,60.8,55,OK,0.0,1,1208.28
2025-01-11 21:34:34,,,60.8,55,OK,0.0,1,1209.85
2025-01-11 21:35:41,,,60.8,55,OK,0.0,1,1208.39
2025-01-11 21:36:47,,,60.8,55,OK,0.0,1,1209.81
2025-01-11 21:37:54,,,60.8,55,OK,0.0,1,1209.74
2025-01-11 21:39:00,,,60.8,55,OK,0.0,1,1209.87
2025-01-11 21:40:07,,,60.8,55,OK,0.0,1,1209.81
2025-01-11 21:41:13,,,60.8,55,OK,0.0,1,1209.8
2025-01-11 21:42:20,,,60.8,55,OK,0.0,1,1209.83
2025-01-11 21:43:27,,,60.8,55,OK,0.0,1,1209.6
2025-01-11 21:44:33,,,60.8,55,OK,0.0,1,1209.78
2025-01-11 21:45:40,,,60.8,55,OK,0.0,1,1209.71
2025-01-11 21:46:46,,,60.8,55,OK,0.0,1,1209.77
2025-01-11 21:47:53,,,60.8,55,OK,0.0,1,1209.63
2025-01-11 21:48:59,,,60.8,55,OK,0.0,1,1209.72
2025-01-11 21:50:06,,,60.8,55,OK,0.0,1,1209.74
2025-01-11 21:51:13,,,60.8,55,OK,0.0,1,1210.09
2025-01-11 21:52:19,,,60.8,55,OK,0.0,1,1210.06
2025-01-11 21:53:26,,,60.8,55,OK,0.0,1,1209.92
2025-01-11 21:54:33,,,60.8,55,OK,0.0,1,1209.84
2025-01-11 21:55:39,,,60.8,55,OK,0.0,1,1210.16
2025-01-11 21:56:46,,,59.0,56,OK,0.0,1,1210.16
2025-01-11 21:57:52,,,59.0,56,OK,0.0,1,1210.12
2025-01-11 21:58:59,,,59.0,56,OK,0.0,1,1209.91
2025-01-11 22:00:06,,,59.0,56,OK,0.0,1,1210.08
2025-01-11 22:01:13,,,59.0,56,OK,0.0,1,1210.01
2025-01-11 22:02:19,,,59.0,56,OK,0.0,1,1210.21
2025-01-11 22:03:26,,,59.0,56,OK,0.0,1,1210.12
2025-01-11 22:04:32,,,59.0,56,OK,0.0,1,1210.09
2025-01-11 22:05:39,,,59.0,56,OK,0.0,1,1208.55
2025-01-11 22:06:46,,,59.0,56,OK,0.0,1,1210.05
2025-01-11 22:07:52,,,59.0,56,OK,0.0,1,1210.11
2025-01-11 22:08:59,,,59.0,56,OK,0.0,1,1209.9
2025-01-11 22:10:06,,,59.0,56,OK,0.0,1,1209.99
2025-01-11 22:11:13,,,59.0,56,OK,0.0,1,1210.11
2025-01-11 22:12:19,,,59.0,56,OK,0.0,1,1210.2
2025-01-11 22:13:26,,,59.0,56,OK,0.0,1,1210.32
2025-01-11 22:14:32,,,59.0,56,OK,0.0,1,1210.16
2025-01-11 22:15:39,,,59.0,56,OK,0.0,1,1210.21
2025-01-11 22:16:46,,,59.0,56,OK,0.0,1,1210.43
2025-01-11 22:17:52,,,59.0,56,OK,0.0,1,1210.28
2025-01-11 22:18:59,,,59.0,56,OK,0.0,1,1210.23
2025-01-11 22:20:06,,,59.0,56,OK,0.0,1,1210.18
2025-01-11 22:21:13,,,59.0,56,OK,0.0,1,1210.28
2025-01-11 22:22:19,,,59.0,56,OK,0.0,1,1210.41
2025-01-11 22:23:26,,,59.0,56,OK,0.0,1,1210.3
2025-01-11 22:24:32,,,59.0,56,OK,0.0,1,1210.39
2025-01-11 22:25:39,,,59.0,56,OK,0.0,1,1210.42
2025-01-11 22:26:46,,,59.0,56,OK,0.0,1,1210.45
2025-01-11 22:27:52,,,59.0,56,OK,0.0,1,1210.21
2025-01-11 22:28:58,,,59.0,56,OK,0.0,1,1210.3
2025-01-11 22:30:06,,,59.0,56,OK,0.0,1,1210.25
2025-01-11 22:31:13,,,59.0,56,OK,0.0,1,1210.34
2025-01-11 22:32:19,,,59.0,56,OK,0.0,1,1210.23
2025-01-11 22:33:26,,,59.0,56,OK,0.0,1,1210.14
2025-01-11 22:34:33,,,59.0,56,OK,0.0,1,1208.69
2025-01-11 22:35:40,,,59.0,56,OK,0.0,1,1210.27
2025-01-11 22:36:46,,,59.0,56,OK,0.0,1,1210.43
2025-01-11 22:37:53,,,59.0,56,OK,0.0,1,1208.66
2025-01-11 22:38:59,,,59.0,56,OK,0.0,1,1210.22
2025-01-11 22:40:06,,,59.0,56,OK,0.0,1,1210.14
2025-01-11 22:41:13,,,59.0,56,OK,0.0,1,1208.65
2025-01-11 22:42:19,,,59.0,56,OK,0.0,1,1210.12
2025-01-11 22:43:26,,,59.0,56,OK,0.0,1,1210.14
2025-01-11 22:44:33,,,59.0,56,OK,0.0,1,1210.16
2025-01-11 22:45:39,,,59.0,56,OK,0.0,1,1210.1
2025-01-11 22:46:46,,,59.0,56,OK,0.0,1,1210.28
2025-01-11 22:47:52,,,59.0,56,OK,0.0,1,1210.17
2025-01-11 22:48:59,,,59.0,56,OK,0.0,1,1210.3
2025-01-11 22:50:06,,,59.0,56,OK,0.0,1,1210.26
2025-01-11 22:51:12,,,59.0,56,OK,0.0,1,1210.21
2025-01-11 22:52:19,,,59.0,56,OK,0.0,1,1210.39
2025-01-11 22:53:25,,,59.0,56,OK,0.0,1,1210.35
2025-01-11 22:54:32,,,59.0,56,OK,0.0,1,1208.9
2025-01-11 22:55:38,,,59.0,56,OK,0.0,1,1210.43
2025-01-11 22:56:45,,,59.0,56,OK,0.0,1,1210.41
2025-01-11 22:57:51,,,59.0,56,OK,0.0,1,1210.38
2025-01-11 22:58:57,,,59.0,56,OK,0.0,1,1210.4
2025-01-11 23:00:04,,,59.0,56,OK,0.0,1,1210.31
2025-01-11 23:01:11,,,59.0,56,OK,0.0,1,1210.52
2025-01-11 23:02:18,,,59.0,56,OK,0.0,1,1210.45
2025-01-11 23:03:24,,,59.0,56,OK,0.0,1,1210.47
2025-01-11 23:04:31,,,59.0,56,OK,0.0,1,1210.46
2025-01-11 23:05:37,,,59.0,56,OK,0.0,1,1208.92
2025-01-11 23:06:44,,,59.0,56,OK,0.0,1,1210.45
2025-01-11 23:07:50,,,59.0,56,OK,0.0,1,1210.25
2025-01-11 23:08:57,,,59.0,56,OK,0.0,1,1210.41
2025-01-11 23:10:04,,,59.0,56,OK,0.0,1,1210.52
2025-01-11 23:11:10,,,59.0,56,OK,0.0,1,1210.54
2025-01-11 23:12:17,,,59.0,56,OK,0.0,1,1210.45
2025-01-11 23:13:23,,,59.0,56,OK,0.0,1,1210.54
2025-01-11 23:14:30,,,59.0,56,OK,0.0,1,1210.42
2025-01-11 23:15:36,,,59.0,56,OK,0.0,1,1210.32
2025-01-11 23:16:43,,,59.0,56,OK,0.0,1,1210.42
2025-01-11 23:17:50,,,57.2,56,OK,0.0,1,1210.5
2025-01-11 23:18:56,,,57.2,56,OK,0.0,1,1210.34
2025-01-11 23:20:02,,,57.2,56,OK,0.0,1,1210.46
2025-01-11 23:21:09,,,57.2,56,OK,0.0,1,1209.0
2025-01-11 23:22:16,,,57.2,56,OK,0.0,1,1210.46
2025-01-11 23:23:22,,,57.2,56,OK,0.0,1,1210.48
2025-01-11 23:24:28,,,57.2,56,OK,0.0,1,1210.22
2025-01-11 23:25:35,,,57.2,56,OK,0.0,1,1210.48
2025-01-11 23:26:42,,,57.2,56,OK,0.0,1,1210.4
2025-01-11 23:27:49,,,57.2,56,OK,0.0,1,1210.27
2025-01-11 23:28:55,,,57.2,56,OK,0.0,1,1210.43
2025-01-11 23:30:02,,,57.2,56,OK,0.0,1,1210.45
2025-01-11 23:31:09,,,57.2,56,OK,0.0,1,1209.06
2025-01-11 23:32:15,,,57.2,56,OK,0.0,1,1210.52
2025-01-11 23:33:22,,,57.2,56,OK,0.0,1,1210.33
2025-01-11 23:34:28,,,57.2,55,OK,0.0,1,1210.53
2025-01-11 23:35:35,,,57.2,55,OK,0.0,1,1210.4
2025-01-11 23:36:42,,,57.2,55,OK,0.0,1,1210.64
2025-01-11 23:37:48,,,57.2,55,OK,0.0,1,1210.69
2025-01-11 23:38:54,,,57.2,55,OK,0.0,1,1210.58
2025-01-11 23:40:01,,,57.2,55,OK,0.0,1,1210.67
2025-01-11 23:41:08,,,57.2,56,OK,0.0,1,1210.57
2025-01-11 23:42:15,,,57.2,55,OK,0.0,1,1210.61
2025-01-11 23:43:24,,,57.2,56,OK,0.0,1,1209.0
2025-01-11 23:44:30,,,57.2,55,OK,0.0,1,1210.61
2025-01-11 23:45:37,,,57.2,55,OK,0.0,1,1210.68
2025-01-11 23:46:43,,,57.2,55,OK,0.0,1,1210.58
2025-01-11 23:47:50,,,57.2,55,OK,0.0,1,1210.54
2025-01-11 23:48:56,,,57.2,55,OK,0.0,1,1209.16
2025-01-11 23:50:03,,,57.2,55,OK,0.0,1,1210.66
2025-01-11 23:51:10,,,57.2,55,OK,0.0,1,1210.7
2025-01-11 23:52:16,,,57.2,55,OK,0.0,1,1210.7
2025-01-11 23:53:23,,,57.2,55,OK,0.0,1,1210.65
2025-01-11 23:54:29,,,57.2,55,OK,0.0,1,1209.13
2025-01-11 23:55:36,,,57.2,55,OK,0.0,1,1210.7
2025-01-11 23:56:42,,,57.2,55,OK,0.0,1,1210.77
2025-01-11 23:57:49,,,57.2,55,OK,0.0,1,1209.07
2025-01-11 23:58:55,,,57.2,55,OK,0.0,1,1210.52
2025-01-12 00:00:02,,,57.2,55,OK,0.0,1,1210.7
2025-01-12 00:01:09,,,57.2,55,OK,0.0,1,1210.69
2025-01-12 00:02:16,,,57.2,55,OK,0.0,1,1210.69
2025-01-12 00:03:22,,,57.2,55,OK,0.0,1,1210.6
2025-01-12 00:04:28,,,57.2,55,OK,0.0,1,1210.73
2025-01-12 00:05:35,,,57.2,55,OK,0.0,1,1210.63
2025-01-12 00:06:42,,,57.2,55,OK,0.0,1,1210.54
2025-01-12 00:07:48,,,57.2,55,OK,0.0,1,1210.71
2025-01-12 00:08:55,,,57.2,55,OK,0.0,1,1210.8
2025-01-12 00:10:01,,,57.2,55,OK,0.0,1,1210.66
2025-01-12 00:11:08,,,57.2,55,OK,0.0,1,1210.73
2025-01-12 00:12:14,,,57.2,55,OK,0.0,1,1210.62
2025-01-12 00:13:21,,,57.2,55,OK,0.0,1,1210.76
2025-01-12 00:14:27,,,57.2,55,OK,0.0,1,1210.59
2025-01-12 00:15:34,,,57.2,55,OK,0.0,1,1210.5
2025-01-12 00:16:40,,,57.2,55,OK,0.0,1,1210.6
2025-01-12 00:17:47,,,57.2,55,OK,0.0,1,1210.68
2025-01-12 00:18:53,,,57.2,55,OK,0.0,1,1210.43
2025-01-12 00:20:00,,,57.2,55,OK,0.0,1,1210.64
2025-01-12 00:21:08,,,57.2,55,OK,0.0,1,1210.73
2025-01-12 00:22:14,,,57.2,55,OK,0.0,1,1210.5
2025-01-12 00:23:21,,,57.2,55,OK,0.0,1,1210.6
2025-01-12 00:24:27,,,57.2,55,OK,0.0,1,1210.7
2025-01-12 00:25:33,,,57.2,55,OK,0.0,1,1210.7
2025-01-12 00:26:40,,,57.2,55,OK,0.0,1,1210.66
2025-01-12 00:27:46,,,57.2,55,OK,0.0,1,1210.69
2025-01-12 00:28:53,,,57.2,55,OK,0.0,1,1210.5
2025-01-12 00:29:59,,,57.2,55,OK,0.0,1,1210.59
2025-01-12 00:31:07,,,57.2,55,OK,0.0,1,1210.54
2025-01-12 00:32:13,,,57.2,55,OK,0.0,1,1210.71
2025-01-12 00:33:20,,,57.2,55,OK,0.0,1,1210.81
2025-01-12 00:34:26,,,57.2,55,OK,0.0,1,1210.78
2025-01-12 00:35:33,,,57.2,55,OK,0.0,1,1210.8
2025-01-12 00:36:40,,,57.2,55,OK,0.0,1,1209.16
2025-01-12 00:37:47,,,57.2,55,OK,0.0,1,1209.18
2025-01-12 00:38:53,,,57.2,55,OK,0.0,1,1210.76
2025-01-12 00:40:00,,,57.2,55,OK,0.0,1,1210.84
2025-01-12 00:41:07,,,57.2,55,OK,0.0,1,1210.67
2025-01-12 00:42:13,,,57.2,55,OK,0.0,1,1210.69
2025-01-12 00:43:20,,,57.2,55,OK,0.0,1,1210.59
2025-01-12 00:44:26,,,57.2,55,OK,0.0,1,1210.77
2025-01-12 00:45:33,,,57.2,55,OK,0.0,1,1210.81
2025-01-12 00:46:42,,,57.2,55,OK,0.0,1,1210.71
2025-01-12 00:47:48,,,57.2,55,OK,0.0,1,1210.88
2025-01-12 00:48:54,,,57.2,55,OK,0.0,1,1209.44
2025-01-12 00:50:01,,,57.2,55,OK,0.0,1,1210.88
2025-01-12 00:51:09,,,57.2,55,OK,0.0,1,1210.55
2025-01-12 00:52:15,,,57.2,55,OK,0.0,1,1210.91
2025-01-12 00:53:21,,,57.2,55,OK,0.0,1,1210.57
2025-01-12 00:54:27,,,57.2,55,OK,0.0,1,1210.57
2025-01-12 00:55:34,,,57.2,55,OK,0.0,1,1210.59
2025-01-12 00:56:41,,,57.2,55,OK,0.0,1,1210.5
2025-01-12 00:57:47,,,57.2,55,OK,0.0,1,1210.52
2025-01-12 00:58:53,,,57.2,55,OK,0.0,1,1210.48
2025-01-12 00:59:59,,,57.2,55,OK,0.0,1,1210.54
2025-01-12 01:01:07,,,57.2,55,OK,0.0,1,1210.66
2025-01-12 01:02:13,,,57.2,55,OK,0.0,1,1210.52
2025-01-12 01:03:20,,,57.2,55,OK,0.0,1,1210.54
2025-01-12 01:04:26,,,57.2,55,OK,0.0,1,1209.09
2025-01-12 01:05:33,,,57.2,55,OK,0.0,1,1210.7
2025-01-12 01:06:40,,,57.2,55,OK,0.0,1,1210.85
2025-01-12 01:07:46,,,57.2,55,OK,0.0,1,1210.8
2025-01-12 01:08:53,,,57.2,55,OK,0.0,1,1210.88
2025-01-12 01:09:59,,,57.2,55,OK,0.0,1,1210.72
2025-01-12 01:11:06,,,57.2,55,OK,0.0,1,1210.97
2025-01-12 01:12:13,,,57.2,55,OK,0.0,1,1210.57
2025-01-12 01:13:19,,,57.2,55,OK,0.0,1,1210.63
2025-01-12 01:14:26,,,57.2,55,OK,0.0,1,1210.68
2025-01-12 01:15:33,,,57.2,55,OK,0.0,1,1210.77
2025-01-12 01:16:40,,,57.2,55,OK,0.0,1,1209.28
2025-01-12 01:17:46,,,57.2,55,OK,0.0,1,1210.82
2025-01-12 01:18:53,,,57.2,55,OK,0.0,1,1209.18
2025-01-12 01:19:59,,,57.2,55,OK,0.0,1,1210.7
2025-01-12 01:21:07,,,57.2,55,OK,0.0,1,1210.66
2025-01-12 01:22:13,,,57.2,55,OK,0.0,1,1210.98
2025-01-12 01:23:20,,,57.2,55,OK,0.0,1,1210.73
2025-01-12 01:24:26,,,57.2,55,OK,0.0,1,1210.69
2025-01-12 01:25:33,,,57.2,55,OK,0.0,1,1210.88
2025-01-12 01:26:39,,,57.2,55,OK,0.0,1,1210.75
2025-01-12 01:27:46,,,57.2,55,OK,0.0,1,1210.74
2025-01-12 01:28:52,,,57.2,55,OK,0.0,1,1210.88
2025-01-12 01:29:59,,,57.2,55,OK,0.0,1,1210.69
2025-01-12 01:31:06,,,57.2,55,OK,0.0,1,1210.65
2025-01-12 01:32:13,,,57.2,55,OK,0.0,1,1210.73
2025-01-12 01:33:19,,,57.2,55,OK,0.0,1,1210.46
2025-01-12 01:34:26,,,57.2,55,OK,0.0,1,1209.13
2025-01-12 01:35:32,,,57.2,55,OK,0.0,1,1210.67
2025-01-12 01:36:39,,,55.4,55,OK,0.0,1,1210.67
2025-01-12 01:37:46,,,55.4,55,OK,0.0,1,1210.86
2025-01-12 01:38:52,,,55.4,55,OK,0.0,1,1210.58
2025-01-12 01:39:58,,,55.4,55,OK,0.0,1,1210.79
2025-01-12 01:41:05,,,55.4,55,OK,0.0,1,1210.79
2025-01-12 01:42:11,,,55.4,55,OK,0.0,1,1210.88
2025-01-12 01:43:18,,,55.4,55,OK,0.0,1,1210.94
2025-01-12 01:44:24,,,55.4,55,OK,0.0,1,1209.08
2025-01-12 01:45:31,,,55.4,55,OK,0.0,1,1210.67
2025-01-12 01:46:37,,,55.4,54,OK,0.0,1,1210.84
2025-01-12 01:47:44,,,55.4,54,OK,0.0,1,1209.06
2025-01-12 01:48:51,,,55.4,54,OK,0.0,1,1209.2
2025-01-12 01:50:00,,,55.4,55,OK,0.0,1,1210.71
2025-01-12 01:51:07,,,55.4,55,OK,0.0,1,1210.68
2025-01-12 01:52:13,,,55.4,54,OK,0.0,1,1210.67
2025-01-12 01:53:20,,,55.4,54,OK,0.0,1,1210.59
2025-01-12 01:54:27,,,55.4,54,OK,0.0,1,1210.83
2025-01-12 01:55:34,,,55.4,54,OK,0.0,1,1210.85
2025-01-12 01:56:40,,,55.4,54,OK,0.0,1,1210.96
2025-01-12 01:57:47,,,55.4,54,OK,0.0,1,1210.78
2025-01-12 01:58:53,,,55.4,54,OK,0.0,1,1210.73
2025-01-12 02:00:00,,,55.4,54,OK,0.0,1,1210.75
2025-01-12 02:01:07,,,55.4,55,OK,0.0,1,1210.77
2025-01-12 02:02:14,,,55.4,54,OK,0.0,1,1210.95
2025-01-12 02:03:20,,,55.4,54,OK,0.0,1,1210.74
2025-01-12 02:04:27,,,55.4,54,OK,0.0,1,1210.95
2025-01-12 02:05:33,,,55.4,54,OK,0.0,1,1210.98
2025-01-12 02:06:40,,,55.4,54,OK,0.0,1,1210.88
2025-01-12 02:07:47,,,55.4,54,OK,0.0,1,1209.38
2025-01-12 02:08:53,,,55.4,54,OK,0.0,1,1209.41
2025-01-12 02:09:59,,,55.4,54,OK,0.0,1,1211.0
2025-01-12 02:11:06,,,55.4,54,OK,0.0,1,1210.91
2025-01-12 02:12:13,,,55.4,54,OK,0.0,1,1210.88
2025-01-12 02:13:20,,,55.4,54,OK,0.0,1,1210.87
2025-01-12 02:14:26,,,55.4,54,OK,0.0,1,1210.99
2025-01-12 02:15:33,,,55.4,54,OK,0.0,1,1210.83
2025-01-12 02:16:40,,,55.4,54,OK,0.0,1,1210.96
2025-01-12 02:17:47,,,55.4,54,OK,0.0,1,1210.96
2025-01-12 02:18:53,,,55.4,54,OK,0.0,1,1210.87
2025-01-12 02:19:59,,,55.4,54,OK,0.0,1,1211.0
2025-01-12 02:21:07,,,55.4,54,OK,0.0,1,1210.87
2025-01-12 02:22:14,,,55.4,54,OK,0.0,1,1210.97
2025-01-12 02:23:20,,,55.4,54,OK,0.0,1,1211.04
2025-01-12 02:24:27,,,55.4,54,OK,0.0,1,1211.06
2025-01-12 02:25:34,,,55.4,54,OK,0.0,1,1211.16
2025-01-12 02:26:41,,,55.4,54,OK,0.0,1,1210.97
2025-01-12 02:27:48,,,55.4,54,OK,0.0,1,1210.97
2025-01-12 02:28:54,,,55.4,54,OK,0.0,1,1210.97
2025-01-12 02:30:01,,,55.4,54,OK,0.0,1,1210.87
2025-01-12 02:31:08,,,55.4,54,OK,0.0,1,1210.85
2025-01-12 02:32:14,,,55.4,54,OK,0.0,1,1210.97
2025-01-12 02:33:21,,,55.4,54,OK,0.0,1,1210.74
2025-01-12 02:34:28,,,55.4,54,OK,0.0,1,1211.06
2025-01-12 02:35:34,,,55.4,54,OK,0.0,1,1210.85
2025-01-12 02:36:41,,,55.4,54,OK,0.0,1,1210.97
2025-01-12 02:37:48,,,55.4,54,OK,0.0,1,1211.0
2025-01-12 02:38:55,,,55.4,54,OK,0.0,1,1210.93
2025-01-12 02:40:01,,,55.4,54,OK,0.0,1,1210.91
2025-01-12 02:41:08,,,55.4,54,OK,0.0,1,1210.93
2025-01-12 02:42:15,,,55.4,54,OK,0.0,1,1210.89
2025-01-12 02:43:21,,,55.4,54,OK,0.0,1,1210.83
2025-01-12 02:44:28,,,55.4,54,OK,0.0,1,1210.92
2025-01-12 02:45:35,,,55.4,54,OK,0.0,1,1211.04
2025-01-12 02:46:42,,,55.4,54,OK,0.0,1,1210.86
2025-01-12 02:47:48,,,55.4,54,OK,0.0,1,1210.91
2025-01-12 02:48:54,,,55.4,54,OK,0.0,1,1211.05
2025-01-12 02:50:01,,,55.4,54,OK,0.0,1,1211.31
2025-01-12 02:51:08,,,55.4,54,OK,0.0,1,1209.78
2025-01-12 02:52:15,,,55.4,54,OK,0.0,1,1211.3
2025-01-12 02:53:21,,,55.4,54,OK,0.0,1,1211.44
2025-01-12 02:54:27,,,55.4,54,OK,0.0,1,1211.23
2025-01-12 02:55:34,,,55.4,54,OK,0.0,1,1211.27
2025-01-12 02:56:41,,,55.4,54,OK,0.0,1,1211.18
2025-01-12 02:57:47,,,55.4,54,OK,0.0,1,1211.13
2025-01-12 02:58:54,,,55.4,54,OK,0.0,1,1211.35
2025-01-12 03:00:00,,,55.4,54,OK,0.0,1,1211.19
2025-01-12 03:01:08,,,55.4,54,OK,0.0,1,1211.2
2025-01-12 03:02:14,,,55.4,54,OK,0.0,1,1211.22
2025-01-12 03:03:21,,,55.4,54,OK,0.0,1,1211.28
2025-01-12 03:04:27,,,55.4,54,OK,0.0,1,1211.06
2025-01-12 03:05:34,,,55.4,54,OK,0.0,1,1211.35
2025-01-12 03:06:41,,,55.4,54,OK,0.0,1,1211.24
2025-01-12 03:07:48,,,55.4,54,OK,0.0,1,1209.78
2025-01-12 03:08:54,,,55.4,54,OK,0.0,1,1211.34
2025-01-12 03:10:00,,,55.4,54,OK,0.0,1,1211.28
2025-01-12 03:11:08,,,55.4,54,OK,0.0,1,1211.15
2025-01-12 03:12:14,,,55.4,54,OK,0.0,1,1211.21
2025-01-12 03:13:21,,,55.4,54,OK,0.0,1,1211.33
2025-01-12 03:14:27,,,55.4,54,OK,0.0,1,1211.4
2025-01-12 03:15:34,,,55.4,54,OK,0.0,1,1211.31
2025-01-12 03:16:41,,,55.4,54,OK,0.0,1,1211.38
2025-01-12 03:17:47,,,55.4,54,OK,0.0,1,1211.49
2025-01-12 03:18:54,,,55.4,54,OK,0.0,1,1211.4
2025-01-12 03:20:00,,,55.4,54,OK,0.0,1,1211.53
2025-01-12 03:21:08,,,55.4,54,OK,0.0,1,1211.5
2025-01-12 03:22:14,,,55.4,54,OK,0.0,1,1211.5
2025-01-12 03:23:21,,,55.4,54,OK,0.0,1,1211.29
2025-01-12 03:24:27,,,55.4,54,OK,0.0,1,1211.43
2025-01-12 03:25:34,,,55.4,54,OK,0.0,1,1211.38
2025-01-12 03:26:41,,,55.4,54,OK,0.0,1,1211.52
2025-01-12 03:27:47,,,55.4,54,OK,0.0,1,1211.4
2025-01-12 03:28:56,,,55.4,54,OK,0.0,1,1211.56
2025-01-12 03:30:03,,,55.4,54,OK,0.0,1,1211.5
2025-01-12 03:31:11,,,55.4,54,OK,0.0,1,1211.48
2025-01-12 03:32:18,,,55.4,54,OK,0.0,1,1211.33
2025-01-12 03:33:24,,,55.4,54,OK,0.0,1,1211.32
2025-01-12 03:34:30,,,55.4,54,OK,0.0,1,1211.36
2025-01-12 03:35:37,,,55.4,54,OK,0.0,1,1211.54
2025-01-12 03:36:44,,,55.4,54,OK,0.0,1,1211.1
2025-01-12 03:37:50,,,55.4,54,OK,0.0,1,1211.14
2025-01-12 03:38:57,,,55.4,54,OK,0.0,1,1211.5
2025-01-12 03:40:03,,,55.4,54,OK,0.0,1,1211.49
2025-01-12 03:41:11,,,55.4,54,OK,0.0,1,1211.4
2025-01-12 03:42:17,,,55.4,54,OK,0.0,1,1211.51
2025-01-12 03:43:24,,,55.4,54,OK,0.0,1,1211.39
2025-01-12 03:44:30,,,55.4,54,OK,0.0,1,1211.36
2025-01-12 03:45:37,,,55.4,53,OK,0.0,1,1211.38
2025-01-12 03:46:44,,,55.4,53,OK,0.0,1,1211.47
2025-01-12 03:47:50,,,55.4,53,OK,0.0,1,1211.66
2025-01-12 03:48:57,,,55.4,53,OK,0.0,1,1211.42
2025-01-12 03:50:04,,,55.4,53,OK,0.0,1,1211.35
2025-01-12 03:51:11,,,55.4,53,OK,0.0,1,1211.25
2025-01-12 03:52:18,,,55.4,53,OK,0.0,1,1211.6
2025-01-12 03:53:24,,,55.4,53,OK,0.0,1,1210.02
2025-01-12 03:54:31,,,55.4,53,OK,0.0,1,1211.29
2025-01-12 03:55:38,,,55.4,53,OK,0.0,1,1211.51
2025-01-12 03:56:44,,,55.4,53,OK,0.0,1,1211.38
2025-01-12 03:57:51,,,55.4,53,OK,0.0,1,1211.43
2025-01-12 03:58:57,,,55.4,53,OK,0.0,1,1211.05
2025-01-12 04:00:04,,,55.4,53,OK,0.0,1,1209.85
2025-01-12 04:01:10,,,55.4,53,OK,0.0,1,1211.46
2025-01-12 04:02:17,,,55.4,53,OK,0.0,1,1211.46
2025-01-12 04:03:23,,,55.4,53,OK,0.0,1,1211.65
2025-01-12 04:04:30,,,55.4,53,OK,0.0,1,1211.62
2025-01-12 04:05:37,,,55.4,53,OK,0.0,1,1211.51
2025-01-12 04:06:43,,,53.6,53,OK,0.0,1,1211.58
2025-01-12 04:07:50,,,53.6,53,OK,0.0,1,1211.54
2025-01-12 04:08:57,,,53.6,53,OK,0.0,1,1211.52
2025-01-12 04:10:03,,,53.6,53,OK,0.0,1,1211.42
2025-01-12 04:11:10,,,53.6,53,OK,0.0,1,1209.99
2025-01-12 04:12:17,,,53.6,53,OK,0.0,1,1211.59
2025-01-12 04:13:23,,,53.6,53,OK,0.0,1,1211.6
2025-01-12 04:14:30,,,53.6,53,OK,0.0,1,1211.55
2025-01-12 04:15:37,,,53.6,53,OK,0.0,1,1211.4
2025-01-12 04:16:44,,,53.6,53,OK,0.0,1,1211.49
2025-01-12 04:17:50,,,53.6,53,OK,0.0,1,1211.49
2025-01-12 04:18:57,,,53.6,53,OK,0.0,1,1211.73
2025-01-12 04:20:04,,,53.6,53,OK,0.0,1,1211.35
2025-01-12 04:21:11,,,53.6,53,OK,0.0,1,1211.58
2025-01-12 04:22:17,,,53.6,53,OK,0.0,1,1211.64
2025-01-12 04:23:24,,,53.6,53,OK,0.0,1,1211.57
2025-01-12 04:24:30,,,53.6,53,OK,0.0,1,1211.64
2025-01-12 04:25:37,,,53.6,53,OK,0.0,1,1211.83
2025-01-12 04:26:44,,,53.6,53,OK,0.0,1,1211.64
2025-01-12 04:27:50,,,53.6,53,OK,0.0,1,1211.8
2025-01-12 04:28:57,,,53.6,53,OK,0.0,1,1211.73
2025-01-12 04:30:03,,,53.6,53,OK,0.0,1,1211.54
2025-01-12 04:31:11,,,53.6,53,OK,0.0,1,1210.08
2025-01-12 04:32:17,,,53.6,53,OK,0.0,1,1211.66
2025-01-12 04:33:23,,,53.6,53,OK,0.0,1,1211.59
2025-01-12 04:34:30,,,53.6,53,OK,0.0,1,1211.49
2025-01-12 04:35:38,,,53.6,53,OK,0.0,1,1211.77
2025-01-12 04:36:45,,,53.6,53,OK,0.0,1,1211.62
2025-01-12 04:37:51,,,53.6,53,OK,0.0,1,1211.59
2025-01-12 04:38:58,,,53.6,53,OK,0.0,1,1211.85
2025-01-12 04:40:04,,,53.6,53,OK,0.0,1,1211.77
2025-01-12 04:41:11,,,53.6,53,OK,0.0,1,1211.77
2025-01-12 04:42:18,,,53.6,53,OK,0.0,1,1211.61
2025-01-12 04:43:24,,,53.6,53,OK,0.0,1,1211.67
2025-01-12 04:44:31,,,53.6,53,OK,0.0,1,1211.53
2025-01-12 04:45:38,,,53.6,53,OK,0.0,1,1211.8
2025-01-12 04:46:44,,,53.6,53,OK,0.0,1,1211.83
2025-01-12 04:47:51,,,53.6,53,OK,0.0,1,1211.65
2025-01-12 04:48:57,,,53.6,53,OK,0.0,1,1211.76
2025-01-12 04:50:04,,,53.6,53,OK,0.0,1,1211.61
2025-01-12 04:51:11,,,53.6,53,OK,0.0,1,1211.7
2025-01-12 04:52:18,,,53.6,53,OK,0.0,1,1211.76
2025-01-12 04:53:24,,,53.6,53,OK,0.0,1,1211.87
2025-01-12 04:54:31,,,53.6,53,OK,0.0,1,1211.83
2025-01-12 04:55:38,,,53.6,53,OK,0.0,1,1211.85
2025-01-12 04:56:45,,,53.6,53,OK,0.0,1,1211.75
2025-01-12 04:57:51,,,53.6,53,OK,0.0,1,1211.73
2025-01-12 04:58:58,,,53.6,53,OK,0.0,1,1211.76
2025-01-12 05:00:05,,,53.6,53,OK,0.0,1,1211.74
2025-01-12 05:01:11,,,53.6,53,OK,0.0,1,1211.74
2025-01-12 05:02:18,,,53.6,53,OK,0.0,1,1211.89
2025-01-12 05:03:25,,,53.6,53,OK,0.0,1,1211.75
2025-01-12 05:04:31,,,53.6,53,OK,0.0,1,1211.77
2025-01-12 05:05:38,,,53.6,53,OK,0.0,1,1211.75
2025-01-12 05:06:45,,,53.6,53,OK,0.0,1,1210.32
2025-01-12 05:07:52,,,53.6,52,OK,0.0,1,1211.76
2025-01-12 05:08:58,,,53.6,52,OK,0.0,1,1211.81
2025-01-12 05:10:06,,,53.6,52,OK,0.0,1,1211.78
2025-01-12 05:11:13,,,53.6,52,OK,0.0,1,1211.88
2025-01-12 05:12:19,,,53.6,52,OK,0.0,1,1211.84
2025-01-12 05:13:26,,,53.6,52,OK,0.0,1,1211.88
2025-01-12 05:14:33,,,53.6,52,OK,0.0,1,1210.24
2025-01-12 05:15:39,,,53.6,52,OK,0.0,1,1210.31
2025-01-12 05:16:46,,,53.6,52,OK,0.0,1,1210.31
2025-01-12 05:17:53,,,53.6,52,OK,0.0,1,1211.87
2025-01-12 05:18:59,,,53.6,52,OK,0.0,1,1211.56
2025-01-12 05:20:06,,,53.6,52,OK,0.0,1,1211.68
2025-01-12 05:21:13,,,53.6,52,OK,0.0,1,1211.56
2025-01-12 05:22:20,,,53.6,52,OK,0.0,1,1211.69
2025-01-12 05:23:26,,,53.6,52,OK,0.0,1,1211.78
2025-01-12 05:24:33,,,53.6,52,OK,0.0,1,1211.57
2025-01-12 05:25:40,,,53.6,52,OK,0.0,1,1211.87
2025-01-12 05:26:47,,,53.6,52,OK,0.0,1,1211.69
2025-01-12 05:27:53,,,53.6,52,OK,0.0,1,1211.8
2025-01-12 05:29:00,,,53.6,52,OK,0.0,1,1211.8
2025-01-12 05:30:07,,,53.6,52,OK,0.0,1,1211.69
2025-01-12 05:31:14,,,53.6,52,OK,0.0,1,1211.83
2025-01-12 05:32:20,,,53.6,52,OK,0.0,1,1211.76
2025-01-12 05:33:26,,,53.6,52,OK,0.0,1,1211.65
2025-01-12 05:34:33,,,53.6,52,OK,0.0,1,1211.96
2025-01-12 05:35:40,,,53.6,52,OK,0.0,1,1211.95
2025-01-12 05:36:47,,,53.6,52,OK,0.0,1,1211.82
2025-01-12 05:37:54,,,53.6,52,OK,0.0,1,1212.01
2025-01-12 05:39:00,,,53.6,52,OK,0.0,1,1211.79
2025-01-12 05:40:07,,,53.6,52,OK,0.0,1,1211.83
2025-01-12 05:41:13,,,53.6,52,OK,0.0,1,1210.32
2025-01-12 05:42:20,,,53.6,52,OK,0.0,1,1211.84
2025-01-12 05:43:27,,,53.6,52,OK,0.0,1,1211.81
2025-01-12 05:44:33,,,53.6,52,OK,0.0,1,1211.77
2025-01-12 05:45:40,,,53.6,52,OK,0.0,1,1211.94
2025-01-12 05:46:47,,,53.6,52,OK,0.0,1,1211.81
2025-01-12 05:47:53,,,53.6,52,OK,0.0,1,1212.02
2025-01-12 05:48:59,,,51.8,52,OK,0.0,1,1211.81
2025-01-12 05:50:07,,,51.8,52,OK,0.0,1,1211.75
2025-01-12 05:51:13,,,53.6,52,OK,0.0,1,1211.94
2025-01-12 05:52:20,,,51.8,52,OK,0.0,1,1211.71
2025-01-12 05:53:26,,,51.8,52,OK,0.0,1,1211.95
2025-01-12 05:54:33,,,51.8,52,OK,0.0,1,1212.0
2025-01-12 05:55:39,,,51.8,52,OK,0.0,1,1212.05
2025-01-12 05:56:46,,,51.8,52,OK,0.0,1,1210.17
2025-01-12 05:57:53,,,51.8,52,OK,0.0,1,1210.21
2025-01-12 05:58:59,,,51.8,52,OK,0.0,1,1211.72
2025-01-12 06:00:06,,,51.8,52,OK,0.0,1,1211.72
2025-01-12 06:01:13,,,51.8,52,OK,0.0,1,1210.22
2025-01-12 06:02:20,,,51.8,52,OK,0.0,1,1211.84
2025-01-12 06:03:26,,,51.8,52,OK,0.0,1,1211.95
2025-01-12 06:04:33,,,51.8,52,OK,0.0,1,1212.05
2025-01-12 06:05:39,,,51.8,52,OK,0.0,1,1210.27
2025-01-12 06:06:46,,,51.8,52,OK,0.0,1,1211.95
2025-01-12 06:07:53,,,51.8,52,OK,0.0,1,1211.91
2025-01-12 06:08:59,,,51.8,52,OK,0.0,1,1212.14
2025-01-12 06:10:07,,,51.8,52,OK,0.0,1,1211.95
2025-01-12 06:11:13,,,51.8,52,OK,0.0,1,1211.99
2025-01-12 06:12:20,,,51.8,52,OK,0.0,1,1212.03
2025-01-12 06:13:26,,,51.8,52,OK,0.0,1,1211.92
2025-01-12 06:14:33,,,51.8,52,OK,0.0,1,1210.29
2025-01-12 06:15:39,,,51.8,52,OK,0.0,1,1211.97
2025-01-12 06:16:46,,,51.8,52,OK,0.0,1,1211.9
2025-01-12 06:17:52,,,51.8,52,OK,0.0,1,1211.81
2025-01-12 06:18:58,,,51.8,52,OK,0.0,1,1211.94
2025-01-12 06:20:05,,,51.8,52,OK,0.0,1,1211.91
2025-01-12 06:21:12,,,51.8,52,OK,0.0,1,1211.84
2025-01-12 06:22:18,,,51.8,52,OK,0.0,1,1211.85
2025-01-12 06:23:25,,,51.8,52,OK,0.0,1,1211.83
2025-01-12 06:24:31,,,51.8,52,OK,0.0,1,1212.14
2025-01-12 06:25:38,,,51.8,52,OK,0.0,1,1212.0
2025-01-12 06:26:44,,,51.8,52,OK,0.0,1,1210.34
2025-01-12 06:27:50,,,51.8,52,OK,0.0,1,1210.42
2025-01-12 06:28:57,,,51.8,52,OK,0.0,1,1211.85
2025-01-12 06:30:04,,,51.8,52,OK,0.0,1,501.88
2025-01-12 06:31:10,,,51.8,52,OK,0.0,1,1211.8
2025-01-12 06:32:17,,,51.8,52,OK,0.0,1,1211.99
2025-01-12 06:33:26,,,51.8,52,OK,0.0,1,1212.05
2025-01-12 06:34:32,,,51.8,52,OK,0.0,1,1211.9
2025-01-12 06:35:39,,,51.8,52,OK,0.0,1,1212.0
2025-01-12 06:36:45,,,51.8,52,OK,0.0,1,1211.95
2025-01-12 06:37:52,,,51.8,52,OK,0.0,1,1212.06
2025-01-12 06:38:58,,,51.8,51,OK,0.0,1,1212.03
2025-01-12 06:40:05,,,51.8,51,OK,0.0,1,1212.15
2025-01-12 06:41:11,,,51.8,52,OK,0.0,1,1212.08
2025-01-12 06:42:18,,,51.8,52,OK,0.0,1,1212.18
2025-01-12 06:43:25,,,51.8,51,OK,0.0,1,1212.0
2025-01-12 06:44:31,,,51.8,51,OK,0.0,1,1212.09
2025-01-12 06:45:38,,,51.8,51,OK,0.0,1,1212.0
2025-01-12 06:46:44,,,51.8,51,OK,0.0,1,1211.94
2025-01-12 06:47:50,,,51.8,51,OK,0.0,1,1212.16
2025-01-12 06:48:57,,,51.8,51,OK,0.0,1,1211.96
2025-01-12 06:50:03,,,51.8,51,OK,0.0,1,1212.02
2025-01-12 06:51:10,,,51.8,51,OK,0.0,1,1212.05
2025-01-12 06:52:17,,,51.8,51,OK,0.0,1,1211.98
2025-01-12 06:53:23,,,51.8,51,OK,0.0,1,1212.01
2025-01-12 06:54:30,,,51.8,51,OK,0.0,1,1211.95
2025-01-12 06:55:36,,,51.8,51,OK,0.0,1,1211.87
2025-01-12 06:56:43,,,51.8,51,OK,0.0,1,1211.99
2025-01-12 06:57:49,,,51.8,51,OK,0.0,1,1212.12
2025-01-12 06:58:55,,,51.8,51,OK,0.0,1,1212.1
2025-01-12 07:00:02,,,51.8,51,OK,0.0,1,1212.09
2025-01-12 07:01:09,,,51.8,51,OK,0.0,1,1212.0
2025-01-12 07:02:15,,,51.8,51,OK,0.0,1,1211.87
2025-01-12 07:03:22,,,51.8,51,OK,0.0,1,1212.15
2025-01-12 07:04:28,,,51.8,51,OK,0.0,1,1210.38
2025-01-12 07:05:34,,,51.8,51,OK,0.0,1,1211.92
2025-01-12 07:06:41,,,51.8,51,OK,0.0,1,1212.0
2025-01-12 07:07:47,,,51.8,51,OK,0.0,1,1212.06
2025-01-12 07:08:53,,,51.8,51,OK,0.0,1,1212.17
2025-01-12 07:10:00,,,51.8,51,OK,0.0,1,1212.05
2025-01-12 07:11:07,,,51.8,51,OK,0.0,1,1212.12
2025-01-12 07:12:13,,,51.8,51,OK,0.0,1,1212.16
2025-01-12 07:13:20,,,51.8,51,OK,0.0,1,1211.85
2025-01-12 07:14:26,,,51.8,51,OK,0.0,1,1211.94
2025-01-12 07:15:33,,,51.8,51,OK,0.0,1,1211.93
2025-01-12 07:16:39,,,51.8,51,OK,0.0,1,1212.06
2025-01-12 07:17:46,,,51.8,51,OK,0.0,1,1211.98
2025-01-12 07:18:52,,,51.8,51,OK,0.0,1,1211.77
2025-01-12 07:19:59,,,51.8,51,OK,0.0,1,1211.99
2025-01-12 07:21:06,,,51.8,51,OK,0.0,1,1211.96
2025-01-12 07:22:12,,,51.8,51,OK,0.0,1,1211.89
2025-01-12 07:23:19,,,51.8,51,OK,0.0,1,1210.39
2025-01-12 07:24:25,,,51.8,51,OK,0.0,1,1210.36
2025-01-12 07:25:32,,,51.8,51,OK,0.0,1,1211.95
2025-01-12 07:26:39,,,51.8,51,OK,0.0,1,1212.0
2025-01-12 07:27:45,,,51.8,51,OK,0.0,1,1211.9
2025-01-12 07:28:52,,,51.8,51,OK,0.0,1,1212.05
2025-01-12 07:29:58,,,51.8,51,OK,0.0,1,1211.8
2025-01-12 07:31:05,,,51.8,51,OK,0.0,1,1211.79
2025-01-12 07:32:12,,,51.8,51,OK,0.0,1,1211.95
2025-01-12 07:33:18,,,51.8,51,OK,0.0,1,1212.0
2025-01-12 07:34:25,,,51.8,51,OK,0.0,1,1211.77
2025-01-12 07:35:31,,,51.8,51,OK,0.0,1,1211.88
2025-01-12 07:36:37,,,51.8,51,OK,0.0,1,1211.92
2025-01-12 07:37:44,,,51.8,51,OK,0.0,1,1211.87
2025-01-12 07:38:51,,,51.8,51,OK,0.0,1,1211.88
2025-01-12 07:39:57,,,51.8,51,OK,0.0,1,1211.98
2025-01-12 07:41:03,,,51.8,51,OK,0.0,1,1210.39
2025-01-12 07:42:10,,,51.8,51,OK,0.0,1,1210.39
2025-01-12 07:43:17,,,51.8,51,OK,0.0,1,1210.2
2025-01-12 07:44:23,,,51.8,51,OK,0.0,1,1211.78
2025-01-12 07:45:29,,,51.8,51,OK,0.0,1,1211.87
2025-01-12 07:46:36,,,51.8,51,OK,0.0,1,1211.77
2025-01-12 07:47:43,,,51.8,51,OK,0.0,1,1211.88
2025-01-12 07:48:49,,,51.8,51,OK,0.0,1,1211.97
2025-01-12 07:49:56,,,51.8,51,OK,0.0,1,1212.0
2025-01-12 07:51:02,,,51.8,51,OK,0.0,1,1211.8
2025-01-12 07:52:09,,,51.8,51,OK,0.0,1,1211.81
2025-01-12 07:53:15,,,51.8,51,OK,0.0,1,1211.85
2025-01-12 07:54:22,,,51.8,51,OK,0.0,1,502.67
2025-01-12 07:55:28,,,51.8,51,OK,0.0,1,1211.8
2025-01-12 07:56:34,,,51.8,51,OK,0.0,1,1211.79
2025-01-12 07:57:41,,,51.8,51,OK,0.0,1,1210.07
2025-01-12 07:58:47,,,51.8,51,OK,0.0,1,1211.78
2025-01-12 07:59:54,,,51.8,51,OK,0.0,1,1210.38
2025-01-12 08:01:00,,,51.8,51,OK,0.0,1,1210.25
2025-01-12 08:02:08,,,51.8,51,OK,0.0,1,1210.25
2025-01-12 08:03:14,,,51.8,51,OK,0.0,1,1211.68
2025-01-12 08:04:20,,,51.8,51,OK,0.0,1,1211.96
2025-01-12 08:05:27,,,51.8,51,OK,0.0,1,1211.83
2025-01-12 08:06:34,,,51.8,51,OK,0.0,1,1211.76
2025-01-12 08:07:41,,,51.8,51,OK,0.0,1,1211.96
2025-01-12 08:08:47,,,51.8,51,OK,0.0,1,1211.92
2025-01-12 08:09:54,,,51.8,51,OK,0.0,1,1211.73
2025-01-12 08:11:00,,,51.8,51,OK,0.0,1,1211.8
2025-01-12 08:12:07,,,51.8,51,OK,0.0,1,1210.21
2025-01-12 08:13:13,,,51.8,51,OK,0.0,1,1211.85
2025-01-12 08:14:20,,,51.8,51,OK,0.0,1,1211.8
2025-01-12 08:15:26,,,51.8,51,OK,0.0,1,1211.74
2025-01-12 08:16:33,,,51.8,51,OK,0.0,1,1211.87
2025-01-12 08:17:42,,,51.8,51,OK,0.0,1,1211.85
2025-01-12 08:18:51,,,51.8,51,OK,0.0,1,1211.74
2025-01-12 08:19:57,,,51.8,51,OK,0.0,1,1211.74
2025-01-12 08:21:04,,,51.8,51,OK,0.0,1,1211.94
2025-01-12 08:22:11,,,51.8,51,OK,0.0,1,1211.74
2025-01-12 08:23:17,,,51.8,51,OK,0.0,1,1211.97
2025-01-12 08:24:24,,,51.8,51,OK,0.0,1,1211.99
2025-01-12 08:25:31,,,51.8,51,OK,0.0,1,1211.99
2025-01-12 08:26:37,,,51.8,51,OK,0.0,1,1211.87
2025-01-12 08:27:44,,,51.8,51,OK,0.0,1,1211.72
2025-01-12 08:28:50,,,51.8,51,OK,0.0,1,1211.61
2025-01-12 08:29:57,,,51.8,51,OK,0.0,1,1211.91
2025-01-12 08:31:04,,,51.8,51,OK,0.0,1,1211.84
2025-01-12 08:32:10,,,51.8,51,OK,0.0,1,1211.76
2025-01-12 08:33:17,,,51.8,51,OK,0.0,1,1212.48
2025-01-12 08:34:23,,,51.8,51,OK,0.0,1,1212.07
2025-01-12 08:35:29,,,51.8,51,OK,0.0,1,1212.04
2025-01-12 08:36:36,,,51.8,51,OK,0.0,1,1212.25
2025-01-12 08:37:43,,,51.8,51,OK,0.0,1,1212.13
2025-01-12 08:38:49,,,51.8,51,OK,0.0,1,1210.64
2025-01-12 08:39:55,,,51.8,51,OK,0.0,1,1212.13
2025-01-12 08:41:02,,,51.8,51,OK,0.0,1,1212.13
2025-01-12 08:42:09,,,51.8,51,OK,0.0,1,1212.17
2025-01-12 08:43:15,,,51.8,51,OK,0.0,1,1210.49
2025-01-12 08:44:22,,,51.8,51,OK,0.0,1,1210.5
2025-01-12 08:45:28,,,51.8,51,OK,0.0,1,1212.08
2025-01-12 08:46:35,,,51.8,51,OK,0.0,1,1212.23
2025-01-12 08:47:41,,,51.8,51,OK,0.0,1,1211.98
2025-01-12 08:48:48,,,51.8,51,OK,0.0,1,1212.4
2025-01-12 08:49:54,,,51.8,51,OK,0.0,1,1212.25
2025-01-12 08:51:01,,,51.8,51,OK,0.0,1,1212.14
2025-01-12 08:52:08,,,51.8,51,OK,0.0,1,502.06
2025-01-12 08:53:14,,,51.8,51,OK,0.0,1,1212.14
2025-01-12 08:54:21,,,51.8,51,OK,0.0,1,1212.15
2025-01-12 08:55:27,,,51.8,51,OK,0.0,1,501.5
2025-01-12 08:56:33,,,51.8,51,OK,199.16666666666669,1,1212.1
2025-01-12 08:57:40,,,51.8,51,OK,200.0,1,1212.05
2025-01-12 08:58:46,,,51.8,50,OK,200.83333333333334,1,500.06
2025-01-12 08:59:53,,,51.8,50,OK,202.5,1,1212.13
2025-01-12 09:01:00,,,51.8,49,OK,195.83333333333334,1,1212.09
2025-01-12 09:02:06,,,53.6,49,OK,196.66666666666669,1,1212.02
2025-01-12 09:03:13,,,53.6,48,OK,197.5,1,498.91
2025-01-12 09:04:20,,,53.6,48,OK,198.33333333333334,1,501.08
2025-01-12 09:05:26,,,53.6,48,OK,199.16666666666669,1,1210.16
2025-01-12 09:06:32,,,53.6,47,OK,200.0,1,1210.29
2025-01-12 09:07:39,,,53.6,46,OK,200.0,1,1211.76
2025-01-12 09:08:45,,,53.6,46,OK,200.83333333333334,1,499.28
2025-01-12 09:09:51,,,53.6,46,OK,200.83333333333334,1,499.31
2025-01-12 09:10:57,,,53.6,46,OK,201.66666666666669,1,499.76
2025-01-12 09:12:04,,,53.6,46,OK,202.5,1,1211.67
2025-01-12 09:13:10,,,53.6,46,OK,204.16666666666669,1,1211.55
2025-01-12 09:14:17,,,53.6,46,OK,205.0,1,1211.43
2025-01-12 09:15:23,,,53.6,46,OK,206.66666666666669,1,498.63
2025-01-12 09:16:29,,,53.6,45,OK,207.5,1,499.05
2025-01-12 09:17:35,,,55.4,45,OK,208.33333333333334,1,497.95
2025-01-12 09:18:42,,,55.4,45,OK,209.16666666666669,1,1211.39
2025-01-12 09:19:48,,,55.4,45,OK,210.0,1,1211.02
2025-01-12 09:20:55,,,55.4,45,OK,210.0,1,1211.22
2025-01-12 09:22:01,,,55.4,45,OK,210.83333333333334,1,1211.3
2025-01-12 09:23:08,,,55.4,45,OK,211.66666666666669,1,498.62
2025-01-12 09:24:14,,,55.4,45,OK,211.66666666666669,1,1211.08
2025-01-12 09:25:20,,,55.4,45,OK,213.33333333333334,1,1211.12
2025-01-12 09:26:27,,,55.4,45,OK,213.33333333333334,1,498.25
2025-01-12 09:27:33,,,55.4,44,OK,214.16666666666669,1,1211.02
2025-01-12 09:28:42,,,55.4,44,OK,215.0,1,498.36
2025-01-12 09:29:48,,,55.4,44,OK,215.83333333333334,1,1211.0
2025-01-12 09:30:55,,,55.4,44,OK,216.66666666666669,1,1211.11
2025-01-12 09:32:01,,,55.4,44,OK,216.66666666666669,1,1211.13
2025-01-12 09:33:08,,,55.4,44,OK,217.5,1,1211.2
2025-01-12 09:34:14,,,55.4,44,OK,219.16666666666669,1,498.27
2025-01-12 09:35:20,,,55.4,44,OK,220.0,1,498.83
2025-01-12 09:36:26,,,55.4,43,OK,220.0,1,502.32
2025-01-12 09:37:33,,,55.4,43,OK,220.83333333333334,1,497.71
2025-01-12 09:38:39,,,55.4,43,OK,220.83333333333334,1,497.76
2025-01-12 09:39:45,,,55.4,43,OK,221.66666666666669,1,498.43
2025-01-12 09:40:51,,,55.4,43,OK,221.66666666666669,1,1210.9
2025-01-12 09:41:58,,,57.2,43,OK,221.66666666666669,1,499.35
2025-01-12 09:43:04,,,57.2,43,OK,222.5,1,1210.97
2025-01-12 09:44:11,,,57.2,43,OK,222.5,1,1210.77
2025-01-12 09:45:17,,,57.2,42,OK,222.5,1,1210.78
2025-01-12 09:46:24,,,57.2,42,OK,223.33333333333334,1,498.25
2025-01-12 09:47:30,,,57.2,42,OK,223.33333333333334,1,497.47
2025-01-12 09:48:36,,,57.2,42,OK,223.33333333333334,1,498.04
2025-01-12 09:49:42,,,57.2,42,OK,223.33333333333334,1,1210.66
2025-01-12 09:50:49,,,57.2,42,OK,223.33333333333334,1,1210.77
2025-01-12 09:51:55,,,57.2,42,OK,224.16666666666669,1,677.94
2025-01-12 09:53:01,,,57.2,41,OK,224.16666666666669,1,1210.75
2025-01-12 09:54:08,,,57.2,41,OK,224.16666666666669,1,496.95
2025-01-12 09:55:14,,,57.2,41,OK,224.16666666666669,1,497.2
2025-01-12 09:56:20,,,57.2,41,OK,224.16666666666669,1,498.5
2025-01-12 09:57:27,,,57.2,41,OK,225.0,1,1210.69
2025-01-12 09:58:33,,,57.2,41,OK,225.0,1,497.06
2025-01-12 09:59:42,,,57.2,41,OK,225.0,1,496.43
2025-01-12 10:00:48,,,57.2,41,OK,224.16666666666669,1,497.37
2025-01-12 10:01:55,,,57.2,41,OK,225.0,1,1210.94
2025-01-12 10:03:01,,,57.2,41,OK,225.0,1,497.48
2025-01-12 10:04:07,,,57.2,41,OK,225.0,1,496.77
2025-01-12 10:05:13,,,57.2,41,OK,225.83333333333334,1,497.24
2025-01-12 10:06:19,,,57.2,41,OK,225.83333333333334,1,1209.02
2025-01-12 10:07:26,,,57.2,41,OK,225.83333333333334,1,497.29
2025-01-12 10:08:32,,,57.2,40,OK,226.66666666666669,1,1210.29
2025-01-12 10:09:38,,,57.2,40,OK,226.66666666666669,1,496.81
2025-01-12 10:10:44,,,57.2,40,OK,226.66666666666669,1,496.86
2025-01-12 10:11:50,,,57.2,40,OK,226.66666666666669,1,1210.48
2025-01-12 10:12:57,,,57.2,40,OK,227.5,1,1210.66
2025-01-12 10:14:03,,,57.2,40,OK,227.5,1,497.29
2025-01-12 10:15:09,,,57.2,40,OK,227.5,1,1210.45
2025-01-12 10:16:16,,,57.2,40,OK,227.5,1,497.2
2025-01-12 10:17:22,,,57.2,40,OK,228.33333333333334,1,497.08
2025-01-12 10:18:29,,,57.2,40,OK,228.33333333333334,1,496.38
2025-01-12 10:19:35,,,57.2,40,OK,228.33333333333334,1,496.73
2025-01-12 10:20:41,,,57.2,39,OK,229.16666666666669,1,496.84
2025-01-12 10:21:48,,,57.2,39,OK,8.333333333333334,1,497.2
2025-01-12 10:22:54,,,57.2,38,OK,7.5,1,497.38
2025-01-12 10:24:00,,,57.2,39,OK,7.5,1,497.87
2025-01-12 10:25:07,,,57.2,39,OK,7.5,1,497.54
2025-01-12 10:26:14,,,57.2,39,OK,0.0,1,497.57
2025-01-12 10:27:20,,,57.2,39,OK,0.0,1,497.99
2025-01-12 10:28:27,,,57.2,39,OK,0.0,1,497.63
2025-01-12 10:29:33,,,57.2,39,OK,0.0,1,497.64
2025-01-12 10:30:39,,,57.2,39,OK,0.0,1,497.65
2025-01-12 10:31:46,,,57.2,39,OK,0.0,1,498.07
2025-01-12 10:32:52,,,57.2,40,OK,0.0,1,498.11
2025-01-12 10:33:59,,,57.2,40,OK,0.0,1,498.13
2025-01-12 10:35:06,,,57.2,40,OK,0.0,1,498.2
2025-01-12 10:36:12,,,57.2,40,OK,0.0,1,498.59
2025-01-12 10:37:19,,,57.2,40,OK,0.0,1,498.23
2025-01-12 10:38:25,,,57.2,40,OK,0.0,1,498.61
2025-01-12 10:39:31,,,57.2,40,OK,0.0,1,498.62
2025-01-12 10:40:38,,,57.2,40,OK,0.0,1,499.06
2025-01-12 10:41:44,,,57.2,40,OK,0.0,1,498.62
2025-01-12 10:42:51,,2,57.2,40,OK,0.0,1,43.39
2025-01-12 10:43:59,,2,57.2,41,OK,175.0,1,1210.61
2025-01-12 10:45:07,,2,59.0,41,OK,249.16666666666669,1,496.73
2025-01-12 10:46:13,,2,59.0,40,OK,250.0,1,496.3
2025-01-12 10:47:20,,2,59.0,40,OK,250.83333333333334,1,496.02
2025-01-12 10:48:27,,2,59.0,40,OK,244.16666666666669,1,1210.39
2025-01-12 10:49:34,,2,59.0,40,OK,245.0,1,1210.26
2025-01-12 10:50:41,,2,59.0,40,OK,245.83333333333334,1,1210.28
2025-01-12 10:51:47,,2,59.0,40,OK,246.66666666666669,1,496.61
2025-01-12 10:52:54,,2,59.0,40,OK,247.5,1,496.03
2025-01-12 10:54:01,,2,59.0,40,OK,248.33333333333334,1,496.91
2025-01-12 10:55:08,,2,59.0,40,OK,250.0,1,496.59
2025-01-12 10:56:14,,2,59.0,39,OK,250.83333333333334,1,496.53
2025-01-12 10:57:20,,2,60.8,38,OK,251.66666666666669,1,496.53
2025-01-12 10:58:27,,2,60.8,38,OK,252.5,1,495.04
2025-01-12 10:59:34,,2,60.8,38,OK,253.33333333333334,1,1209.8
2025-01-12 11:00:41,,2,60.8,38,OK,254.16666666666669,1,1209.72
2025-01-12 11:01:48,,2,60.8,38,OK,255.83333333333334,1,675.98
2025-01-12 11:02:55,,2,60.8,38,OK,257.5,1,1209.72
2025-01-12 11:04:02,,2,60.8,38,OK,258.33333333333337,1,495.45
2025-01-12 11:05:09,,2,60.8,38,OK,259.1666666666667,1,495.96
2025-01-12 11:06:17,,2,60.8,37,OK,260.83333333333337,1,495.51
2025-01-12 11:07:24,,2,60.8,37,OK,262.5,1,496.08
2025-01-12 11:08:31,,2,60.8,37,OK,264.1666666666667,1,1209.51
2025-01-12 11:09:38,,2,60.8,37,OK,265.0,1,495.33
2025-01-12 11:10:45,,2,60.8,37,OK,8.333333333333334,1,1209.48
2025-01-12 11:11:52,,2,60.8,36,OK,7.5,1,497.08
2025-01-12 11:12:59,,2,60.8,36,OK,7.5,1,496.55
2025-01-12 11:14:07,,2,60.8,36,OK,7.5,1,497.1
2025-01-12 11:15:13,,2,60.8,37,OK,0.0,1,497.56
2025-01-12 11:16:20,,2,60.8,37,OK,0.0,1,497.15
2025-01-12 11:17:26,,2,60.8,37,OK,0.0,1,497.14
2025-01-12 11:18:32,,2,60.8,37,OK,0.0,1,497.6
2025-01-12 11:19:39,,2,60.8,37,OK,0.0,1,497.63
2025-01-12 11:20:46,,2,60.8,37,OK,0.0,1,497.58
2025-01-12 11:21:52,,2,60.8,37,OK,0.0,1,497.56
2025-01-12 11:22:58,,2,60.8,38,OK,0.0,1,497.27
2025-01-12 11:24:06,,2,60.8,38,OK,0.0,1,497.12
2025-01-12 11:25:12,,2,60.8,38,OK,0.0,1,497.51
2025-01-12 11:26:18,,2,60.8,38,OK,0.0,1,497.11
2025-01-12 11:27:25,,2,60.8,38,OK,0.0,1,497.51
2025-01-12 11:28:32,,2,60.8,38,OK,0.0,1,1209.37
2025-01-12 11:29:38,,2,60.8,38,OK,0.0,1,1209.32
2025-01-12 11:30:44,,2,60.8,39,OK,0.0,1,497.43
2025-01-12 11:31:51,,2,60.8,39,OK,0.0,1,1207.95
2025-01-12 11:32:57,,2,60.8,39,OK,0.0,1,1208.21
2025-01-12 11:34:04,,2,60.8,39,OK,0.0,1,497.36
2025-01-12 11:35:10,,2,60.8,39,OK,0.0,1,497.35
2025-01-12 11:36:17,,2,60.8,39,OK,0.0,1,1207.79
2025-01-12 11:37:23,,2,60.8,39,OK,0.0,1,1209.54
2025-01-12 11:38:29,,2,60.8,39,OK,0.0,1,1209.49
2025-01-12 11:39:35,,2,60.8,39,OK,0.0,1,1209.54
2025-01-12 11:40:42,,2,60.8,39,OK,0.0,1,1209.31
2025-01-12 11:41:48,,2,60.8,40,OK,0.0,1,1209.32
2025-01-12 11:42:54,,2,60.8,40,OK,0.0,1,1209.62
2025-01-12 11:44:00,,2,60.8,40,OK,0.0,1,1209.43
2025-01-12 11:45:07,,2,62.6,40,OK,0.0,1,1209.37
2025-01-12 11:46:14,,2,62.6,40,OK,0.0,1,1209.24
2025-01-12 11:47:20,,2,62.6,40,OK,0.0,1,1209.35
2025-01-12 11:48:26,,2,62.6,40,OK,0.0,1,1209.18
2025-01-12 11:49:33,,2,62.6,40,OK,0.0,1,1209.4
2025-01-12 11:50:39,,2,62.6,40,OK,0.0,1,1209.31
2025-01-12 11:51:45,,2,62.6,40,OK,0.0,1,1209.27
2025-01-12 11:52:52,,2,62.6,40,OK,0.0,1,1209.27
2025-01-12 11:53:58,,2,62.6,40,OK,0.0,1,1209.27
2025-01-12 11:55:05,,2,62.6,40,OK,0.0,1,1209.28
2025-01-12 11:56:12,,2,62.6,40,OK,0.0,1,1209.19
2025-01-12 11:57:18,,2,62.6,40,OK,0.0,1,1209.28
2025-01-12 11:58:25,,2,62.6,40,OK,0.0,1,1209.23
2025-01-12 11:59:31,,2,62.6,41,OK,0.0,1,1209.16
2025-01-12 12:00:38,,2,62.6,41,OK,0.0,1,1209.3
2025-01-12 12:01:44,,2,62.6,41,OK,0.0,1,1209.22
2025-01-12 12:02:51,,2,62.6,41,OK,0.0,1,1209.12
2025-01-12 12:03:57,,2,62.6,41,OK,0.0,1,1209.13
2025-01-12 12:05:04,,2,62.6,41,OK,0.0,1,1209.06
2025-01-12 12:06:10,,2,62.6,41,OK,0.0,1,1209.11
2025-01-12 12:07:17,,2,62.6,41,OK,0.0,1,1209.23
2025-01-12 12:08:23,,2,62.6,42,OK,0.0,1,1209.16
2025-01-12 12:09:29,,2,62.6,42,OK,0.0,1,1209.05
2025-01-12 12:10:36,,2,62.6,42,OK,0.0,1,1209.09
2025-01-12 12:11:42,,2,62.6,42,OK,0.0,1,1209.0
2025-01-12 12:12:49,,2,62.6,42,OK,0.0,1,1209.15
2025-01-12 12:13:58,,2,62.6,42,OK,0.0,1,1209.01
2025-01-12 12:15:04,,2,62.6,42,OK,0.0,1,1208.97
2025-01-12 12:16:11,,2,62.6,42,OK,0.0,1,1209.03
2025-01-12 12:17:17,,2,62.6,42,OK,0.0,1,1209.09
2025-01-12 12:18:23,,2,62.6,42,OK,0.0,1,1208.93
2025-01-12 12:19:30,,2,62.6,43,OK,0.0,1,1208.95
2025-01-12 12:20:36,,2,62.6,43,OK,0.0,1,1207.51
2025-01-12 12:21:42,,2,62.6,43,OK,0.0,1,1209.0
2025-01-12 12:22:49,,2,62.6,43,OK,0.0,1,1208.93
2025-01-12 12:23:55,,2,62.6,43,OK,0.0,1,1208.96
2025-01-12 12:25:01,,2,62.6,43,OK,0.0,1,1208.95
2025-01-12 12:26:08,,2,64.4,43,OK,0.0,1,1208.9
2025-01-12 12:27:15,,2,64.4,43,OK,0.0,1,1208.91
2025-01-12 12:28:21,,2,64.4,43,OK,0.0,1,1208.84
2025-01-12 12:29:27,,2,64.4,43,OK,0.0,1,1208.73
2025-01-12 12:30:33,,2,64.4,43,OK,0.0,1,1208.74
2025-01-12 12:31:40,,2,64.4,43,OK,0.0,1,1208.73
2025-01-12 12:32:46,,2,64.4,43,OK,0.0,1,1208.77
2025-01-12 12:33:52,,2,64.4,43,OK,0.0,1,1208.67
2025-01-12 12:34:58,,2,64.4,43,OK,0.0,1,1208.7
2025-01-12 12:36:05,,2,64.4,43,OK,0.0,1,1208.5
2025-01-12 12:37:11,,2,64.4,43,OK,0.0,1,1208.71
2025-01-12 12:38:18,,2,64.4,43,OK,0.0,1,1208.68
2025-01-12 12:39:24,,2,64.4,44,OK,0.0,1,1208.62
2025-01-12 12:40:30,,2,64.4,44,OK,0.0,1,1208.71
2025-01-12 12:41:37,,2,64.4,44,OK,0.0,1,1208.71
2025-01-12 12:42:43,,2,64.4,44,OK,0.0,1,1208.68
2025-01-12 12:43:50,,2,64.4,44,OK,0.0,1,1208.53
2025-01-12 12:44:56,,2,64.4,42,OK,340.83333333333337,1,1208.53
2025-01-12 12:46:03,,2,64.4,41,OK,327.5,1,1208.65
2025-01-12 12:47:09,,2,64.4,40,OK,349.1666666666667,1,1208.39
2025-01-12 12:48:15,,2,64.4,39,OK,351.6666666666667,1,1208.59
2025-01-12 12:49:22,,2,64.4,39,OK,345.0,1,1208.45
2025-01-12 12:50:28,,2,64.4,38,OK,346.6666666666667,1,493.79
2025-01-12 12:51:34,,2,64.4,37,OK,350.83333333333337,1,1208.41
2025-01-12 12:52:40,,2,66.2,37,OK,358.33333333333337,1,1208.39
2025-01-12 12:53:46,,2,66.2,37,OK,363.33333333333337,1,493.35
2025-01-12 12:54:53,,2,66.2,37,OK,363.33333333333337,1,493.37
2025-01-12 12:55:59,,2,66.2,37,OK,361.6666666666667,1,1208.29
2025-01-12 12:57:06,,2,66.2,37,OK,360.83333333333337,1,493.69
2025-01-12 12:58:12,,2,66.2,36,OK,360.0,1,495.02
2025-01-12 12:59:18,,2,66.2,35,OK,360.0,1,494.71
2025-01-12 13:00:24,,2,66.2,35,OK,359.1666666666667,1,1208.37
2025-01-12 13:01:30,,2,66.2,35,OK,358.33333333333337,1,493.83
2025-01-12 13:02:37,,2,66.2,34,OK,356.6666666666667,1,1208.26
2025-01-12 13:03:43,,2,66.2,34,OK,356.6666666666667,1,494.22
2025-01-12 13:04:49,,2,66.2,34,OK,355.83333333333337,1,494.21
2025-01-12 13:05:56,,2,66.2,34,OK,355.0,1,493.18
2025-01-12 13:07:02,,2,66.2,33,OK,354.1666666666667,1,494.57
2025-01-12 13:08:08,,2,66.2,34,OK,353.33333333333337,1,674.07
2025-01-12 13:09:14,,2,66.2,33,OK,353.33333333333337,1,493.93
2025-01-12 13:10:21,,2,66.2,33,OK,352.5,1,493.42
2025-01-12 13:11:27,,2,66.2,33,OK,352.5,1,493.38
2025-01-12 13:12:33,,2,66.2,33,OK,353.33333333333337,1,493.35
2025-01-12 13:13:40,,2,66.2,33,OK,353.33333333333337,1,494.32
2025-01-12 13:14:46,,2,66.2,34,OK,355.0,1,493.79
2025-01-12 13:15:52,,2,66.2,34,OK,357.5,1,494.04
2025-01-12 13:16:58,,2,66.2,34,OK,369.1666666666667,1,494.09
2025-01-12 13:18:04,,2,66.2,34,OK,369.1666666666667,1,494.35
2025-01-12 13:19:11,,2,66.2,33,OK,355.0,1,494.66
2025-01-12 13:20:17,,2,66.2,33,OK,354.1666666666667,1,493.24
2025-01-12 13:21:24,,2,66.2,33,OK,355.0,1,493.96
2025-01-12 13:22:30,,2,66.2,33,OK,356.6666666666667,1,494.68
2025-01-12 13:23:37,,2,66.2,32,OK,359.1666666666667,1,493.07
2025-01-12 13:24:43,,2,66.2,33,OK,360.83333333333337,1,493.65
2025-01-12 13:25:49,,2,68.0,32,OK,362.5,1,494.02
2025-01-12 13:26:55,,2,68.0,32,OK,364.1666666666667,1,493.51
2025-01-12 13:28:02,,2,68.0,31,OK,366.6666666666667,1,1208.2
2025-01-12 13:29:08,,2,68.0,31,OK,368.33333333333337,1,493.47
2025-01-12 13:30:15,,2,68.0,31,OK,370.0,1,494.13
2025-01-12 13:31:21,,2,68.0,30,OK,374.1666666666667,1,493.71
2025-01-12 13:32:27,,2,68.0,30,OK,377.5,1,493.12
2025-01-12 13:33:33,,2,68.0,30,OK,380.83333333333337,1,493.36
2025-01-12 13:34:39,,2,68.0,30,OK,385.83333333333337,1,493.12
2025-01-12 13:35:45,,2,68.0,30,OK,390.0,1,493.49
2025-01-12 13:36:52,,2,68.0,30,OK,393.33333333333337,1,493.6
2025-01-12 13:37:58,,2,68.0,30,OK,397.5,1,493.61
2025-01-12 13:39:05,,2,68.0,30,OK,401.6666666666667,1,493.52
2025-01-12 13:40:11,,2,68.0,30,OK,405.0,1,671.42
2025-01-12 13:41:17,,2,68.0,31,OK,408.33333333333337,1,492.69
